{"neutral": {"right": {"right_s0": 0.9648739155799253, "right_s1": -0.05292233718204677, "right_w0": 0.10085923680346595, "right_w1": -1.5650438988400934, "right_w2": -0.09318933286403888, "right_e0": 0.06672816427301549, "right_e1": 1.7222769295983482}, "left": {"left_w0": -0.3271214030165645, "left_w1": -1.571179821991635, "left_w2": -0.05330583237901813, "left_e0": 0.029529130166794215, "left_e1": 1.6229516735827678, "left_s0": -1.1201894703533233, "left_s1": 0.0038349519697135344}}}