{"right": {"61": {"right_s0": 0.9940195505497481, "right_s1": 0.05062136600021865, "right_w0": -0.2109223583342444, "right_w1": -1.482208936294281, "right_w2": 0.07209709703061444, "right_e0": -0.03796602450016399, "right_e1": 1.4741555371578825}, "63": {"right_s0": 0.9928690649588341, "right_s1": 0.05062136600021865, "right_w0": -0.13000487177328882, "right_w1": -1.5052186481125622, "right_w2": 0.07133010663667173, "right_e0": -0.03681553890924993, "right_e1": 1.505985638506505}, "64": {"right_s0": 0.9940195505497481, "right_s1": 0.04908738521233324, "right_w0": -0.06481068828815872, "right_w1": -1.5128885520519892, "right_w2": 0.07209709703061444, "right_e0": -0.037582529303192634, "right_e1": 1.5163400088247314}, "66": {"right_s0": 0.9963205217315763, "right_s1": 0.049854375606275945, "right_w0": 0.007669903939427069, "right_w1": -1.532063311900557, "right_w2": 0.07171360183364309, "right_e0": -0.03719903410622128, "right_e1": 1.5424176822187836}, "68": {"right_s0": 0.9947865409436908, "right_s1": 0.05138835639416136, "right_w0": 0.10239321759135137, "right_w1": -1.5527720525370101, "right_w2": 0.07209709703061444, "right_e0": -0.026077673394052033, "right_e1": 1.5554565189158096}, "69": {"right_s0": 0.9959370265346049, "right_s1": 0.05292233718204677, "right_w0": 0.1357572997278591, "right_w1": -1.5707963267946636, "right_w2": -0.05905826033358843, "right_e0": -0.05292233718204677, "right_e1": 1.5738642883704346}, "53": {"right_s0": 0.998237997716433, "right_s1": 0.05138835639416136, "right_w0": -0.2945243112739994, "right_w1": -1.143582677368576, "right_w2": 0.02914563496982286, "right_e0": -0.03029612056073692, "right_e1": 1.1470341341413182}, "62": {"right_s0": 0.9951700361406621, "right_s1": 0.051004861197190006, "right_w0": -0.2949078064709708, "right_w1": -1.1443496677625187, "right_w2": 0.02914563496982286, "right_e0": -0.030679615757708275, "right_e1": 1.1462671437473755}, "63": {"right_s0": 0.9970875121255189, "right_s1": 0.05253884198507542, "right_w0": -0.2699806186678328, "right_w1": -1.4687866044002837, "right_w2": 0.028762139772851508, "right_e0": -0.03298058693953639, "right_e1": 1.458432234082057}, "64": {"right_s0": 0.9970875121255189, "right_s1": 0.05177185159113271, "right_w0": -0.17449031462196582, "right_w1": -1.5063691337034764, "right_w2": 0.029529130166794215, "right_e0": -0.033364082136507746, "right_e1": 1.4979322393701064}, "65": {"right_s0": 0.9967040169285476, "right_s1": 0.054072822772960834, "right_w0": -0.10507768397015084, "right_w1": -1.2367720102326147, "right_w2": 0.029529130166794215, "right_e0": -0.04295146206079158, "right_e1": 1.2367720102326147}, "66": {"right_s0": 0.9986214929134043, "right_s1": 0.05292233718204677, "right_w0": -0.0839854481367264, "right_w1": -1.5067526289004476, "right_w2": 0.029912625363765568, "right_e0": -0.03489806292439316, "right_e1": 1.4986992297640491}, "67": {"right_s0": 0.9974710073224903, "right_s1": 0.05368932757598948, "right_w0": -0.034514567727421806, "right_w1": -1.2436749237780993, "right_w2": 0.028762139772851508, "right_e0": -0.04947088040930459, "right_e1": 1.2517283229144975}, "68": {"right_s0": 0.9978545025194616, "right_s1": 0.05292233718204677, "right_w0": -0.0007669903939427069, "right_w1": -1.495247772991307, "right_w2": 0.02914563496982286, "right_e0": -0.03259709174256504, "right_e1": 1.4986992297640491}, "69": {"right_s0": 0.9986214929134043, "right_s1": 0.05330583237901813, "right_w0": 0.0790000105760988, "right_w1": -1.4906458306276509, "right_w2": 0.028762139772851508, "right_e0": -0.033364082136507746, "right_e1": 1.4979322393701064}, "70": {"right_s0": 0.998237997716433, "right_s1": 0.05138835639416136, "right_w0": 0.14611167004608566, "right_w1": -1.2429079333841564, "right_w2": 0.02914563496982286, "right_e0": -0.04908738521233324, "right_e1": 1.2505778373235836}, "71": {"right_s0": 0.9990049881103757, "right_s1": 0.05177185159113271, "right_w0": 0.1614514779249398, "right_w1": -1.4864273834609658, "right_w2": 0.029529130166794215, "right_e0": -0.033364082136507746, "right_e1": 1.498315734567078}, "72": {"right_s0": 0.9986214929134043, "right_s1": 0.05253884198507542, "right_w0": 0.23508255574343967, "right_w1": -1.2432914285811278, "right_w2": 0.028378644575880154, "right_e0": -0.049854375606275945, "right_e1": 1.249810846929641}, "73": {"right_s0": 0.9978545025194616, "right_s1": 0.052155346788104066, "right_w0": 0.24582042125863754, "right_w1": -1.4902623354306794, "right_w2": 0.02914563496982286, "right_e0": -0.03413107253045045, "right_e1": 1.498315734567078}, "74": {"right_s0": 0.9986214929134043, "right_s1": 0.05138835639416136, "right_w0": 0.3240534414407937, "right_w1": -1.2613157028387814, "right_w2": 0.02914563496982286, "right_e0": -0.049854375606275945, "right_e1": 1.2636166740206096}, "75": {"right_s0": 0.998237997716433, "right_s1": 0.05138835639416136, "right_w0": 0.33133985018324935, "right_w1": -1.4588157292790285, "right_w2": 0.029912625363765568, "right_e0": -0.03834951969713534, "right_e1": 1.4764565083397108}, "76": {"right_s0": 0.998237997716433, "right_s1": 0.05253884198507542, "right_w0": 0.4333495725776294, "right_w1": -1.4319710654910338, "right_w2": 0.02914563496982286, "right_e0": -0.02914563496982286, "right_e1": 1.4381069886425755}, "76": {"right_s0": 0.9890341129891205, "right_s1": 0.04947088040930459, "right_w0": 0.4226117070624315, "right_w1": -1.5117380664610753, "right_w2": 0.07439806821244256, "right_e0": -0.04678641403050512, "right_e1": 1.5194079704005024}, "75": {"right_s0": 0.9955535313376335, "right_s1": 0.05330583237901813, "right_w0": 0.36777189389552795, "right_w1": -1.5044516577186196, "right_w2": 0.07554855380335662, "right_e0": -0.05253884198507542, "right_e1": 1.5328303022944998}, "74": {"right_s0": 0.9959370265346049, "right_s1": 0.05560680356084625, "right_w0": 0.37850975941072584, "right_w1": -1.32612639112694, "right_w2": -0.05944175553055978, "right_e0": -0.05253884198507542, "right_e1": 1.3230584295511694}, "73": {"right_s0": 0.9963205217315763, "right_s1": 0.04947088040930459, "right_w0": 0.2891553785164005, "right_w1": -1.53858273024907, "right_w2": -0.05829126993964572, "right_e0": -0.05177185159113271, "right_e1": 1.5500875861582106}, "72": {"right_s0": 0.9947865409436908, "right_s1": 0.048703890015361885, "right_w0": 0.29912625363765566, "right_w1": -1.3495195981421928, "right_w2": -0.05829126993964572, "right_e0": -0.05253884198507542, "right_e1": 1.3383982374300234}, "71": {"right_s0": 0.9955535313376335, "right_s1": 0.04716990922747647, "right_w0": 0.21475731030395792, "right_w1": -1.5654273940370647, "right_w2": -0.05829126993964572, "right_e0": -0.052155346788104066, "right_e1": 1.5692623460067783}, "70": {"right_s0": 0.9947865409436908, "right_s1": 0.0502378708032473, "right_w0": 0.21935925266761416, "right_w1": -1.3506700837331067, "right_w2": -0.05905826033358843, "right_e0": -0.05253884198507542, "right_e1": 1.3410827038088229}, "59": {"right_s0": 0.9963205217315763, "right_s1": 0.05138835639416136, "right_w0": -0.28608741694062967, "right_w1": -1.4534467965214295, "right_w2": 0.07209709703061444, "right_e0": -0.03681553890924993, "right_e1": 1.4457768925820025}}, "left": {}}