{"right": {"71": {"right_s0": 0.961422458807183, "right_s1": -0.055223308363874894, "right_w0": 0.1687378866673955, "right_w1": -1.5217089415823304, "right_w2": -0.09203884727312482, "right_e0": 0.06404369789421602, "right_e1": 1.7495050885833143}, "63": {"right_s0": 0.9621894492011258, "right_s1": -0.055223308363874894, "right_w0": -0.2024854640008746, "right_w1": -1.4618836908547992, "right_w2": -0.09165535207615347, "right_e0": 0.06327670750027331, "right_e1": 1.7065536265225227}, "67": {"right_s0": 0.9633399347920398, "right_s1": -0.055223308363874894, "right_w0": 0.0030679615757708274, "right_w1": -1.2693691019751798, "right_w2": -0.09050486648523941, "right_e0": 0.06481068828815872, "right_e1": 1.4864273834609658}, "76": {"right_s0": 0.9618059540041545, "right_s1": -0.05483981316690354, "right_w0": 0.4088058799714628, "right_w1": -1.472238061173026, "right_w2": -0.09203884727312482, "right_e0": 0.06327670750027331, "right_e1": 1.6800924579314993}, "75": {"right_s0": 0.9633399347920398, "right_s1": -0.055223308363874894, "right_w0": 0.31945149907713744, "right_w1": -1.4879613642488514, "right_w2": -0.09203884727312482, "right_e0": 0.06404369789421602, "right_e1": 1.7115390640831505}, "74": {"right_s0": 0.9629564395950685, "right_s1": -0.05445631796993219, "right_w0": 0.3240534414407937, "right_w1": -1.29774774655106, "right_w2": -0.09088836168221076, "right_e0": 0.06519418348513008, "right_e1": 1.4906458306276509}, "64": {"right_s0": 0.9610389636102117, "right_s1": -0.05560680356084625, "right_w0": -0.12616991980357528, "right_w1": -1.4737720419609113, "right_w2": -0.09127185687918211, "right_e0": 0.06366020269724466, "right_e1": 1.7238109103862338}, "72": {"right_s0": 0.9633399347920398, "right_s1": -0.05483981316690354, "right_w0": 0.24313595487983808, "right_w1": -1.2893108522176902, "right_w2": -0.09050486648523941, "right_e0": 0.06519418348513008, "right_e1": 1.4914128210215936}, "66": {"right_s0": 0.961422458807183, "right_s1": -0.0559902987578176, "right_w0": -0.0502378708032473, "right_w1": -1.5063691337034764, "right_w2": -0.09127185687918211, "right_e0": 0.06327670750027331, "right_e1": 1.7483546029924004}, "70": {"right_s0": 0.9629564395950685, "right_s1": -0.054072822772960834, "right_w0": 0.16413594430373926, "right_w1": -1.2885438618237475, "right_w2": -0.09050486648523941, "right_e0": 0.06481068828815872, "right_e1": 1.485276897870052}, "68": {"right_s0": 0.9618059540041545, "right_s1": -0.05560680356084625, "right_w0": 0.01572330307582549, "right_w1": -1.5128885520519892, "right_w2": -0.09280583766706753, "right_e0": 0.06289321230330196, "right_e1": 1.7590924685075982}, "69": {"right_s0": 0.9625729443980972, "right_s1": -0.054072822772960834, "right_w0": 0.10316020798529407, "right_w1": -1.5251603983550726, "right_w2": -0.09203884727312482, "right_e0": 0.06404369789421602, "right_e1": 1.7590924685075982}, "73": {"right_s0": 0.9621894492011258, "right_s1": -0.0559902987578176, "right_w0": 0.24505343086469483, "right_w1": -1.5102040856731898, "right_w2": -0.09203884727312482, "right_e0": 0.06366020269724466, "right_e1": 1.736082756689317}, "65": {"right_s0": 0.9625729443980972, "right_s1": -0.054072822772960834, "right_w0": -0.07171360183364309, "right_w1": -1.2582477412630106, "right_w2": -0.09165535207615347, "right_e0": 0.06519418348513008, "right_e1": 1.474539032354854}}, "left": {"59": {"left_w0": -0.3294223741983926, "left_w1": -1.5132720472489607, "left_w2": -0.05905826033358843, "left_e0": 0.05829126993964572, "left_e1": 1.57539826915832, "left_s0": -1.1217234511412089, "left_s1": 0.0011504855909140602}, "58": {"left_w0": -0.577160271441887, "left_w1": -1.1665923891868573, "left_w2": -0.058674765136617076, "left_e0": 0.05944175553055978, "left_e1": 1.2363885150356435, "left_s0": -1.12210694633818, "left_s1": 0.0011504855909140602}, "48": {"left_w0": -0.6876068881696367, "left_w1": -1.2344710390507867, "left_w2": 0.2519563444101792, "left_e0": 0.1787087617886507, "left_e1": 1.24674288535387, "left_s0": -1.0354370318226542, "left_s1": 0.03106311095467963}, "49": {"left_w0": -0.8736020587007431, "left_w1": -1.5025341817337627, "left_w2": -0.058674765136617076, "left_e0": 0.033364082136507746, "left_e1": 1.5642769084461507, "left_s0": -1.1236409271260657, "left_s1": 0.0007669903939427069}, "55": {"left_w0": -0.7643059275639074, "left_w1": -1.1861506442323961, "left_w2": -0.05905826033358843, "left_e0": 0.058674765136617076, "left_e1": 1.2371555054295862, "left_s0": -1.1213399559442374, "left_s1": 0.0007669903939427069}, "47": {"left_w0": -0.9641069251859825, "left_w1": -1.50176719133982, "left_w2": -0.05905826033358843, "left_e0": 0.03183010134862233, "left_e1": 1.5638934132491793, "left_s0": -1.1228739367321228, "left_s1": 0.0023009711818281204}, "57": {"left_w0": -0.40228646162294973, "left_w1": -1.5447186534006117, "left_w2": -0.058674765136617076, "left_e0": 0.05905826033358843, "left_e1": 1.6141312840524267, "left_s0": -1.1224904415351515, "left_s1": 0.0015339807878854137}, "56": {"left_w0": -0.5204029822901266, "left_w1": -1.5443351582036402, "left_w2": -0.05905826033358843, "left_e0": 0.03183010134862233, "left_e1": 1.613364293658484, "left_s0": -1.1236409271260657, "left_s1": 0.0015339807878854137}, "51": {"left_w0": -0.776961269063962, "left_w1": -1.5339807878854137, "left_w2": -0.05905826033358843, "left_e0": 0.03298058693953639, "left_e1": 1.6056943897190568, "left_s0": -1.1232574319290942, "left_s1": 0.0007669903939427069}, "50": {"left_w0": -1.1639079228080578, "left_w1": -1.124024422323037, "left_w2": -0.058674765136617076, "left_e0": 0.0625097171063306, "left_e1": 1.1075341288532687, "left_s0": -1.1194224799593806, "left_s1": 0.0011504855909140602}, "53": {"left_w0": -0.8839564290189696, "left_w1": -1.1746457883232555, "left_w2": -0.058674765136617076, "left_e0": 0.06059224112147384, "left_e1": 1.2095438512476488, "left_s0": -1.1224904415351515, "left_s1": 0.0011504855909140602}, "52": {"left_w0": -0.6918253353363216, "left_w1": -1.5420341870218122, "left_w2": -0.05829126993964572, "left_e0": 0.03183010134862233, "left_e1": 1.6033934185372287, "left_s0": -1.12210694633818, "left_s1": 0.0003834951969713534}, "60": {"left_w0": -0.4743835586535642, "left_w1": -1.1830826826566254, "left_w2": 0.04065049087896346, "left_e0": 0.08245146734884098, "left_e1": 1.2018739473082216, "left_s0": -1.135912773429149, "left_s1": 0.03183010134862233}, "61": {"left_w0": -0.2918398448952, "left_w1": -1.4672526236123982, "left_w2": -0.05560680356084625, "left_e0": 0.034514567727421806, "left_e1": 1.5297623407187289, "left_s0": -1.1224904415351515, "left_s1": 0.0019174759848567672}, "62": {"left_w0": -0.37850975941072584, "left_w1": -1.1884516154142244, "left_w2": 0.04141748127290617, "left_e0": 0.08206797215186963, "left_e1": 1.2018739473082216, "left_s0": -1.1336118022473207, "left_s1": 0.03144660615165098}, "54": {"left_w0": -0.5990194976692541, "left_w1": -1.5435681678096975, "left_w2": -0.058674765136617076, "left_e0": 0.03183010134862233, "left_e1": 1.613364293658484, "left_s0": -1.12210694633818, "left_s1": 0.0003834951969713534}}}