{"right": {"63": {"right_s0": 0.9621894492011258, "right_s1": -0.055223308363874894, "right_w0": -0.2024854640008746, "right_w1": -1.4618836908547992, "right_w2": -0.09165535207615347, "right_e0": 0.06327670750027331, "right_e1": 1.7065536265225227}, "64": {"right_s0": 0.9610389636102117, "right_s1": -0.05560680356084625, "right_w0": -0.12616991980357528, "right_w1": -1.4737720419609113, "right_w2": -0.09127185687918211, "right_e0": 0.06366020269724466, "right_e1": 1.7238109103862338}, "66": {"right_s0": 0.961422458807183, "right_s1": -0.0559902987578176, "right_w0": -0.0502378708032473, "right_w1": -1.5063691337034764, "right_w2": -0.09127185687918211, "right_e0": 0.06327670750027331, "right_e1": 1.7483546029924004}, "68": {"right_s0": 0.9618059540041545, "right_s1": -0.05560680356084625, "right_w0": 0.01572330307582549, "right_w1": -1.5128885520519892, "right_w2": -0.09280583766706753, "right_e0": 0.06289321230330196, "right_e1": 1.7590924685075982}, "69": {"right_s0": 0.9625729443980972, "right_s1": -0.054072822772960834, "right_w0": 0.10316020798529407, "right_w1": -1.5251603983550726, "right_w2": -0.09203884727312482, "right_e0": 0.06404369789421602, "right_e1": 1.7590924685075982}, "71": {"right_s0": 0.961422458807183, "right_s1": -0.055223308363874894, "right_w0": 0.1687378866673955, "right_w1": -1.5217089415823304, "right_w2": -0.09203884727312482, "right_e0": 0.06404369789421602, "right_e1": 1.7495050885833143}, "73": {"right_s0": 0.9621894492011258, "right_s1": -0.0559902987578176, "right_w0": 0.24505343086469483, "right_w1": -1.5102040856731898, "right_w2": -0.09203884727312482, "right_e0": 0.06366020269724466, "right_e1": 1.736082756689317}, "75": {"right_s0": 0.9633399347920398, "right_s1": -0.055223308363874894, "right_w0": 0.31945149907713744, "right_w1": -1.4879613642488514, "right_w2": -0.09203884727312482, "right_e0": 0.06404369789421602, "right_e1": 1.7115390640831505}, "76": {"right_s0": 0.9618059540041545, "right_s1": -0.05483981316690354, "right_w0": 0.4088058799714628, "right_w1": -1.472238061173026, "right_w2": -0.09203884727312482, "right_e0": 0.06327670750027331, "right_e1": 1.6800924579314993}}, "left": {}}