{"right": {"59": {"right_s0": 0.9963205217315763, "right_s1": 0.05138835639416136, "right_w0": -0.28608741694062967, "right_w1": -1.4534467965214295, "right_w2": 0.07209709703061444, "right_e0": -0.03681553890924993, "right_e1": 1.4457768925820025}, "71": {"right_s0": 0.9955535313376335, "right_s1": 0.04716990922747647, "right_w0": 0.21475731030395792, "right_w1": -1.5654273940370647, "right_w2": -0.05829126993964572, "right_e0": -0.052155346788104066, "right_e1": 1.5692623460067783}, "61": {"right_s0": 0.9940195505497481, "right_s1": 0.05062136600021865, "right_w0": -0.2109223583342444, "right_w1": -1.482208936294281, "right_w2": 0.07209709703061444, "right_e0": -0.03796602450016399, "right_e1": 1.4741555371578825}, "76": {"right_s0": 0.9890341129891205, "right_s1": 0.04947088040930459, "right_w0": 0.4226117070624315, "right_w1": -1.5117380664610753, "right_w2": 0.07439806821244256, "right_e0": -0.04678641403050512, "right_e1": 1.5194079704005024}, "75": {"right_s0": 0.9955535313376335, "right_s1": 0.05330583237901813, "right_w0": 0.36777189389552795, "right_w1": -1.5044516577186196, "right_w2": 0.07554855380335662, "right_e0": -0.05253884198507542, "right_e1": 1.5328303022944998}, "63": {"right_s0": 0.9928690649588341, "right_s1": 0.05062136600021865, "right_w0": -0.13000487177328882, "right_w1": -1.5052186481125622, "right_w2": 0.07133010663667173, "right_e0": -0.03681553890924993, "right_e1": 1.505985638506505}, "64": {"right_s0": 0.9940195505497481, "right_s1": 0.04908738521233324, "right_w0": -0.06481068828815872, "right_w1": -1.5128885520519892, "right_w2": 0.07209709703061444, "right_e0": -0.037582529303192634, "right_e1": 1.5163400088247314}, "72": {"right_s0": 0.9947865409436908, "right_s1": 0.048703890015361885, "right_w0": 0.29912625363765566, "right_w1": -1.3495195981421928, "right_w2": -0.05829126993964572, "right_e0": -0.05253884198507542, "right_e1": 1.3383982374300234}, "66": {"right_s0": 0.9963205217315763, "right_s1": 0.049854375606275945, "right_w0": 0.007669903939427069, "right_w1": -1.532063311900557, "right_w2": 0.07171360183364309, "right_e0": -0.03719903410622128, "right_e1": 1.5424176822187836}, "70": {"right_s0": 0.9947865409436908, "right_s1": 0.0502378708032473, "right_w0": 0.21935925266761416, "right_w1": -1.3506700837331067, "right_w2": -0.05905826033358843, "right_e0": -0.05253884198507542, "right_e1": 1.3410827038088229}, "68": {"right_s0": 0.9947865409436908, "right_s1": 0.05138835639416136, "right_w0": 0.10239321759135137, "right_w1": -1.5527720525370101, "right_w2": 0.07209709703061444, "right_e0": -0.026077673394052033, "right_e1": 1.5554565189158096}, "73": {"right_s0": 0.9963205217315763, "right_s1": 0.04947088040930459, "right_w0": 0.2891553785164005, "right_w1": -1.53858273024907, "right_w2": -0.05829126993964572, "right_e0": -0.05177185159113271, "right_e1": 1.5500875861582106}, "69": {"right_s0": 0.9959370265346049, "right_s1": 0.05292233718204677, "right_w0": 0.1357572997278591, "right_w1": -1.5707963267946636, "right_w2": -0.05905826033358843, "right_e0": -0.05292233718204677, "right_e1": 1.5738642883704346}, "74": {"right_s0": 0.9959370265346049, "right_s1": 0.05560680356084625, "right_w0": 0.37850975941072584, "right_w1": -1.32612639112694, "right_w2": -0.05944175553055978, "right_e0": -0.05253884198507542, "right_e1": 1.3230584295511694}}, "left": {}}