{"neutral": {"right": {"right_s0": 0.961422458807183, "right_s1": 0.0625097171063306, "right_w0": -0.0030679615757708274, "right_w1": -1.5650438988400934, "right_w2": 3.045335359149518, "right_e0": -0.013805827090968724, "right_e1": 1.4891118498397653}, "left": {"left_w0": -0.10814564554592167, "left_w1": -1.5684953556128356, "left_w2": -3.0514712823010592, "left_e0": 0.0222427214243385, "left_e1": 1.525543893552044, "left_s0": -0.9476166317162144, "left_s1": 0.015339807878854137}}}