{
  "neutral": {
    "right": {"right_s0": 0.8943107983154297, "right_s1": 0.09664078952636719, "right_w0": -3.048786812438965, "right_w1": 1.6693545905090332, "right_w2": -0.0851359336303711, "right_e0": 0.0851359336303711, "right_e1": 1.51212155993042},
    "left": {"left_w0": -0.12655341485595703, "left_w1": -1.5696458394104005, "left_w2": -3.0591411827453614, "left_e0": -0.002300971179199219, "left_e1": 1.5243934062194826, "left_s0": -0.966407895263672, "left_s1": 0.04716990917358399}
  }
}
