{"neutral": {"right": {"right_s0": 0.9951700361406621, "right_s1": 0.051004861197190006, "right_w0": 0.16298545871282522, "right_w1": -1.5684953556128356, "right_w2": 0.07593204900032798, "right_e0": -0.03566505331833587, "right_e1": 1.572330307582549}, "left": {"left_w0": -0.3271214030165645, "left_w1": -1.571179821991635, "left_w2": -0.05330583237901813, "left_e0": 0.029529130166794215, "left_e1": 1.6229516735827678, "left_s0": -1.1201894703533233, "left_s1": 0.0038349519697135344}}}