{"neutral": {"right": {"right_s0": 1.0549952868681933, "right_s1": 0.10431069357620813, "right_w0": 0.41455830792603304, "right_w1": -1.5397332158399841, "right_w2": 3.044568368755575, "right_e0": -0.011504855909140603, "right_e1": 1.42238368556675}, "left": {"left_w0": -0.13000487177328882, "left_w1": -1.567728365218893, "left_w2": -3.045335359149518, "left_e0": 0.0023009711818281204, "left_e1": 1.5240099127641586, "left_s0": -0.9660244011708393, "left_s1": 0.047553404424447825}}}