{"neutral": {"right": {"right_s0": 0.3321068405771921, "right_s1": -0.4759175394414496, "right_w0": 0.11083011192472114, "right_w1": 0.5127330783506996, "right_w2": 3.0441848735586037, "right_e0": -0.018791264651596317, "right_e1": 0.5798447378206864}, "left": {"left_w0": -0.19404856966750483, "left_w1": 0.6711165946998685, "left_w2": -3.0526217678919734, "left_e0": 0.07209709703061444, "left_e1": -0.04908738521233324, "left_s0": -0.7972865145034438, "left_s1": -0.02339320701525256}}}