{"neutral": {"right": {"right_s0": 0.8866408953977691, "right_s1": 0.1062281695610649, "right_w0": 0.006135923151541655, "right_w1": -1.5715633171886063, "right_w2": 3.044568368755575, "right_e0": -0.03911651009107805, "right_e1": 1.4250681519455495}, "left": {"left_w0": -0.12808739578843203, "left_w1": -1.5669613748249502, "left_w2": -3.056840215058658, "left_e0": -0.0015339807878854137, "left_e1": 1.5228594271732445, "left_s0": -0.9641069251859825, "left_s1": 0.045252433242619704}}}