{"right": {"F1": {"right_s0": 0.971009838731467, "right_s1": 0.09088836168221076, "right_w0": -3.049170311119231, "right_w1": 1.3353302758542527, "right_w2": -0.2542573155920073, "right_e0": 0.059825250727531136, "right_e1": 1.2659176452024377}, "G2": {"right_s0": 0.9207719679282196, "right_s1": 0.05330583237901813, "right_w0": -3.0487868159222598, "right_w1": 1.2785729867024924, "right_w2": -0.2692136282738901, "right_e0": 0.08245146734884098, "right_e1": 1.3004322129298596}, "A1": {"right_s0": 1.1677428747777712, "right_s1": 0.139975746894544, "right_w0": -3.0495538063162027, "right_w1": 1.1424321917776619, "right_w2": -0.16605342028859604, "right_e0": 0.05483981316690354, "right_e1": 1.0803059698683026}, "A2": {"right_s0": 0.8310340918369229, "right_s1": 0.045252433242619704, "right_w0": -3.0495538063162027, "right_w1": 1.2398399718083857, "right_w2": -0.2945243112739994, "right_e0": 0.1787087617886507, "right_e1": 1.2996652225359169}, "B1": {"right_s0": 1.1393642302018911, "right_s1": 0.1384417661066586, "right_w0": -3.0495538063162027, "right_w1": 1.2210487071567893, "right_w2": -0.16758740107648146, "right_e0": 0.0395000052880494, "right_e1": 1.1286263646866932}, "B2": {"right_s0": 0.8038059328519568, "right_s1": 0.04486893804564835, "right_w0": -3.049170311119231, "right_w1": 1.2501943421266122, "right_w2": -0.2906893593042859, "right_e0": 0.15378157398551273, "right_e1": 1.3088691072632292}, "C2": {"right_s0": 0.7658399083517928, "right_s1": 0.029529130166794215, "right_w0": -3.049170311119231, "right_w1": 1.2551797796872397, "right_w2": -0.28877188331942916, "right_e0": 0.13268933815208828, "right_e1": 1.3307283334905964}, "C1": {"right_s0": 1.0956457777471567, "right_s1": 0.09280583766706753, "right_w0": -3.0495538063162027, "right_w1": 1.2294856014901592, "right_w2": -0.17564080021287987, "right_e0": 0.06634466907604414, "right_e1": 1.1984224905354794}, "E1": {"right_s0": 1.0170292623680293, "right_s1": 0.0947233136519243, "right_w0": -3.049170311119231, "right_w1": 1.3180729919905418, "right_w2": -0.1951990552584189, "right_e0": 0.0625097171063306, "right_e1": 1.2513448277175263}, "D1": {"right_s0": 1.050393344504537, "right_s1": 0.0897378760912967, "right_w0": -3.0487868159222598, "right_w1": 1.2712865779600366, "right_w2": -0.1902136176977913, "right_e0": 0.06135923151541655, "right_e1": 1.2386894862174715}}, "left": {"C2": {"left_w0": -0.12885438618237474, "left_w1": -1.5669613748249502, "left_w2": -3.0591411862404865, "left_e0": -0.004985437560627594, "left_e1": 1.5209419511883877, "left_s0": -0.9610389636102117, "left_s1": 0.049854375606275945}}}