{"right": {"0": {"right_s0": 0.961422458807183, "right_s1": 0.0625097171063306, "right_w0": -0.0030679615757708274, "right_w1": -1.5650438988400934, "right_w2": 3.045335359149518, "right_e0": -0.013805827090968724, "right_e1": 1.4891118498397653}, "G5": {"right_s0": 0.8858739050038265, "right_s1": 0.1062281695610649, "right_w0": -0.15493205957642678, "right_w1": -1.5631264228552366, "right_w2": 3.044568368755575, "right_e0": -0.038733014894106695, "right_e1": 1.423534171157664}, "FAR": {"right_s0": 1.0561457724591075, "right_s1": 0.10354370318226543, "right_w0": -0.2623107147284057, "right_w1": -1.530912826309643, "right_w2": 3.0441848735586037, "right_e0": -0.011504855909140603, "right_e1": 1.4227671807637212}, "54": {"right_s0": 1.0530778108833365, "right_s1": 0.1119805975156352, "right_w0": 0.40957287036540546, "right_w1": -1.5366652542642132, "right_w2": 3.0418839023767754, "right_e0": -0.008820389530341128, "right_e1": 1.4335050462789192}, "40": {"right_s0": 0.68568941218478, "right_s1": 0.018407769454624964, "right_w0": -0.18983012250081996, "right_w1": -1.4580487388850858, "right_w2": 2.9333547616338826, "right_e0": 0.1119805975156352, "right_e1": 1.6356070150828224}, "0": {"right_s0": 0.6883738785635795, "right_s1": 0.02032524543948173, "right_w0": -0.18867963690990588, "right_w1": -1.462650681248742, "right_w2": 2.9322042760429685, "right_e0": 0.11159710231866385, "right_e1": 1.639441967052536}, "B6": {"right_s0": 0.8866408953977691, "right_s1": 0.10661166475803625, "right_w0": -0.016490293469768196, "right_w1": -1.562359432461294, "right_w2": 3.0430343879676895, "right_e0": -0.03911651009107805, "right_e1": 1.424684656748578}, "20": {"right_s0": 0.9610389636102117, "right_s1": 0.06212622190935926, "right_w0": -0.0030679615757708274, "right_w1": -1.565810889234036, "right_w2": 3.0441848735586037, "right_e0": -0.014189322287940077, "right_e1": 1.4891118498397653}, "A6": {"right_s0": 0.8866408953977691, "right_s1": 0.1062281695610649, "right_w0": -0.07209709703061444, "right_w1": -1.5631264228552366, "right_w2": 3.0426508927707183, "right_e0": -0.0395000052880494, "right_e1": 1.4250681519455495}, "CLOSE": {"right_s0": 1.017796252761972, "right_s1": 0.10162622719740866, "right_w0": 0.17602429540985123, "right_w1": -1.5293788455217574, "right_w2": 3.044568368755575, "right_e0": -0.03604854851530722, "right_e1": 1.4208497047788644}, "C6": {"right_s0": 0.8866408953977691, "right_s1": 0.1062281695610649, "right_w0": 0.07171360183364309, "right_w1": -1.563509918052208, "right_w2": 3.044568368755575, "right_e0": -0.0395000052880494, "right_e1": 1.4239176663546353}}, "left": {"0": {"left_w0": -0.06979612584878632, "left_w1": -1.5240099127641586, "left_w2": -3.058757691043515, "left_e0": -0.026077673394052033, "left_e1": 1.485276897870052, "left_s0": -0.833335063018751, "left_s1": 0.10737865515197896}, "66": {"left_w0": -0.10929613113683573, "left_w1": -1.5669613748249502, "left_w2": -3.0487868159222598, "left_e0": 0.02454369260616662, "left_e1": 1.5236264175671872, "left_s0": -0.9456991557313575, "left_s1": 0.015339807878854137}, "90": {"left_w0": -0.10967962633380708, "left_w1": -1.5669613748249502, "left_w2": -3.0487868159222598, "left_e0": 0.023009711818281205, "left_e1": 1.5236264175671872, "left_s0": -0.9453156605343862, "left_s1": 0.015339807878854137}, "40": {"left_w0": -0.10891263593986437, "left_w1": -1.567728365218893, "left_w2": -3.049170311119231, "left_e0": 0.023776702212223912, "left_e1": 1.5236264175671872, "left_s0": -0.9456991557313575, "left_s1": 0.014189322287940077}}}