{"right": {"0": {"left_w0": -0.330956354986278, "left_w1": -1.5715633171886063, "left_w2": -0.05330583237901813, "left_e0": 0.03259709174256504, "left_e1": 1.6221846831888251, "left_s0": -1.1010147105047556, "left_s1": 0.004218447166684887}, "64": {"left_w0": -0.32213596545593687, "left_w1": -1.5573739949006664, "left_w2": -0.056373793954788955, "left_e0": 0.03528155812136451, "left_e1": 1.610296332082713, "left_s0": -1.1140535472017816, "left_s1": 0.005368932757598948}, "66": {"left_w0": -0.32251946065290826, "left_w1": -1.558140985294609, "left_w2": -0.05714078434873166, "left_e0": 0.034514567727421806, "left_e1": 1.6110633224766557, "left_s0": -1.113286556807839, "left_s1": 0.006135923151541655}, "67": {"left_w0": -0.32251946065290826, "left_w1": -1.5577574900976376, "left_w2": -0.056373793954788955, "left_e0": 0.03413107253045045, "left_e1": 1.6106798272796845, "left_s0": -1.113286556807839, "left_s1": 0.005752427954570301}, "68": {"left_w0": -0.32175247025896553, "left_w1": -1.5585244804915803, "left_w2": -0.05560680356084625, "left_e0": 0.033364082136507746, "left_e1": 1.6114468176736272, "left_s0": -1.113286556807839, "left_s1": 0.006135923151541655}, "69": {"left_w0": -0.32213596545593687, "left_w1": -1.5577574900976376, "left_w2": -0.056373793954788955, "left_e0": 0.034514567727421806, "left_e1": 1.610296332082713, "left_s0": -1.113286556807839, "left_s1": 0.005752427954570301}, "70": {"left_w0": -0.32251946065290826, "left_w1": -1.556990499703695, "left_w2": -0.05714078434873166, "left_e0": 0.03413107253045045, "left_e1": 1.6106798272796845, "left_s0": -1.1125195664138963, "left_s1": 0.005752427954570301}, "71": {"left_w0": -0.32175247025896553, "left_w1": -1.5573739949006664, "left_w2": -0.056373793954788955, "left_e0": 0.03528155812136451, "left_e1": 1.610296332082713, "left_s0": -1.1136700520048104, "left_s1": 0.006135923151541655}, "72": {"left_w0": -0.3213689750619942, "left_w1": -1.5585244804915803, "left_w2": -0.0559902987578176, "left_e0": 0.034514567727421806, "left_e1": 1.6114468176736272, "left_s0": -1.1140535472017816, "left_s1": 0.006135923151541655}, "73": {"left_w0": -0.3213689750619942, "left_w1": -1.5573739949006664, "left_w2": -0.056373793954788955, "left_e0": 0.03413107253045045, "left_e1": 1.6114468176736272, "left_s0": -1.1129030616108677, "left_s1": 0.005368932757598948}, "74": {"left_w0": -0.3229029558498796, "left_w1": -1.5577574900976376, "left_w2": -0.05675728915176031, "left_e0": 0.03413107253045045, "left_e1": 1.6106798272796845, "left_s0": -1.1140535472017816, "left_s1": 0.006135923151541655}, "75": {"left_w0": -0.32175247025896553, "left_w1": -1.5577574900976376, "left_w2": -0.056373793954788955, "left_e0": 0.0337475773334791, "left_e1": 1.610296332082713, "left_s0": -1.1125195664138963, "left_s1": 0.006902913545484362}, "76": {"left_w0": -0.3213689750619942, "left_w1": -1.5577574900976376, "left_w2": -0.0559902987578176, "left_e0": 0.03489806292439316, "left_e1": 1.6110633224766557, "left_s0": -1.1140535472017816, "left_s1": 0.006519418348513008}, "65": {"left_w0": -0.32213596545593687, "left_w1": -1.5577574900976376, "left_w2": -0.0559902987578176, "left_e0": 0.033364082136507746, "left_e1": 1.6110633224766557, "left_s0": -1.1140535472017816, "left_s1": 0.006519418348513008}, "63": {"left_w0": -0.32175247025896553, "left_w1": -1.556990499703695, "left_w2": -0.0559902987578176, "left_e0": 0.03566505331833587, "left_e1": 1.6114468176736272, "left_s0": -1.1136700520048104, "left_s1": 0.005752427954570301}}, "left": {"0": {"left_w0": -0.3271214030165645, "left_w1": -1.571179821991635, "left_w2": -0.05330583237901813, "left_e0": 0.029529130166794215, "left_e1": 1.6229516735827678, "left_s0": -1.1201894703533233, "left_s1": 0.0038349519697135344}}}