{"right": {"B6": {"right_s0": 0.8866408953977691, "right_s1": 0.10661166475803625, "right_w0": -0.016490293469768196, "right_w1": -1.562359432461294, "right_w2": 3.0430343879676895, "right_e0": -0.03911651009107805, "right_e1": 1.424684656748578}, "G5": {"right_s0": 0.8858739050038265, "right_s1": 0.1062281695610649, "right_w0": -0.15493205957642678, "right_w1": -1.5631264228552366, "right_w2": 3.044568368755575, "right_e0": -0.038733014894106695, "right_e1": 1.423534171157664}, "C6": {"right_s0": 0.8866408953977691, "right_s1": 0.1062281695610649, "right_w0": 0.07171360183364309, "right_w1": -1.563509918052208, "right_w2": 3.044568368755575, "right_e0": -0.0395000052880494, "right_e1": 1.4239176663546353}, "A6": {"right_s0": 0.8866408953977691, "right_s1": 0.1062281695610649, "right_w0": -0.07209709703061444, "right_w1": -1.5631264228552366, "right_w2": 3.0426508927707183, "right_e0": -0.0395000052880494, "right_e1": 1.4250681519455495}}, "left": {}}