{"right": {"15": {"left_w0": -0.1928980840765908, "left_w1": 0.6703496043059258, "left_w2": -3.0526217678919734, "left_e0": 0.07133010663667173, "left_e1": -0.049854375606275945, "left_s0": -0.7946020481246443, "left_s1": -0.026077673394052033}, "-24": {"left_w0": -0.19213109368264808, "left_w1": 0.6504078540634154, "left_w2": -3.050704291907117, "left_e0": 0.07554855380335662, "left_e1": -0.03183010134862233, "left_s0": -0.8015049616701286, "left_s1": -0.02684466378799474}, "23": {"left_w0": -0.3539660668045592, "left_w1": -1.5282283599308435, "left_w2": -3.058757691043515, "left_e0": 0.014956312681882784, "left_e1": 1.4476943685668593, "left_s0": -1.0327525654438547, "left_s1": 0.07478156340941391}, "60": {"left_w0": -0.19328157927356213, "left_w1": 0.6703496043059258, "left_w2": -3.0530052630889446, "left_e0": 0.07133010663667173, "left_e1": -0.049854375606275945, "left_s0": -0.7957525337155584, "left_s1": -0.026077673394052033}, "0": {"left_w0": -0.19826701683418974, "left_w1": 0.668432128321069, "left_w2": -3.050704291907117, "left_e0": 0.07478156340941391, "left_e1": -0.04793689962141918, "left_s0": -0.7984370000943578, "left_s1": -0.020708740636453084}, "-2": {"left_w0": -0.19788352163721837, "left_w1": 0.6688156235180404, "left_w2": -3.050320796710145, "left_e0": 0.07401457301547121, "left_e1": -0.04793689962141918, "left_s0": -0.7984370000943578, "left_s1": -0.021092235833424438}, "24": {"left_w0": -0.1928980840765908, "left_w1": 0.6668981475331837, "left_w2": -3.049937301513174, "left_e0": 0.07363107781849985, "left_e1": -0.04256796686382023, "left_s0": -0.8003544760792146, "left_s1": -0.02569417819708068}}, "left": {"0": {"left_w0": -0.19404856966750483, "left_w1": 0.6711165946998685, "left_w2": -3.0526217678919734, "left_e0": 0.07209709703061444, "left_e1": -0.04908738521233324, "left_s0": -0.7972865145034438, "left_s1": -0.02339320701525256}, "15": {"left_w0": -0.3566505331833587, "left_w1": -1.5251603983550726, "left_w2": -3.0572237102556294, "left_e0": 0.01687378866673955, "left_e1": 1.4565147580972004, "left_s0": -1.0339030510347689, "left_s1": 0.07861651537912745}}}